Latitude,Longitude,Park
44.3385559,-68.2733346,Acadia National Park
-14.2583333,-170.6833333,National Park of American Samoa
38.733081,-109.5925139,Arches National Park
43.8553804,-102.3396912,Badlands National Park
29.1274869,-103.2425379,Big Bend National Park
25.4824229,-80.20831030000001,Biscayne National Park
38.5753936,-107.7415961,Black Canyon of the Gunnison National Park
37.5930377,-112.1870895,Bryce Canyon National Park
38.3268693,-109.8782592,Canyonlands National Park
38.3669703,-111.2615042,Capitol Reef National Park
32.1478553,-104.5567138,Carlsbad Caverns National Park
34.0069361,-119.778533,Channel Islands National Park
33.7948001,-80.7820962,Congaree National Park
42.8684411,-122.1684785,Crater Lake National Park
41.2808248,-81.56781199999999,Cuyahoga Valley National Park
36.5053891,-117.0794078,Death Valley National Park
63.1148002,-151.1926057,Denali National Park and Preserve
24.628477,-82.87318739999999,Dry Tortugas National Park
25.745929,-80.5549561,Everglades
67.91462969999999,-153.4637908,Gates of the Arctic National Park and Preserve
38.6246855,-90.1854426,Museum at the Gateway Arch
48.7596128,-113.7870225,Glacier National Park
58.66580729999999,-136.9002147,Glacier Bay National Park and Preserve
36.1069652,-112.1129972,Grand Canyon National Park
43.7410416,-110.8024362,Grand Teton
38.98333299999999,-114.3,Great Basin National Park
37.7915959,-105.5943276,Great Sand Dunes National Park and Preserve
35.6117644,-83.4895449,Great Smoky Mountains National Park
31.891227,-104.8605034,Guadalupe Peak
20.7096921,-156.2535147,Haleakalā
19.4193697,-155.2884969,Hawaiʻi Volcanoes National Park
34.5216915,-93.0423545,Hot Springs National Park
41.6532682,-87.05243349999999,Indiana Dunes National Park
47.9958654,-88.9092899,Isle Royale National Park
33.873415,-115.9009923,Joshua Tree National Park
58.6125631,-155.0631051,Katmai National Park and Preserve
59.69222219999999,-150.6155555,Kenai Mountains
36.8878548,-118.5551477,Kings Canyon National Park
67.3356197,-159.1243161,Kobuk Valley National Park
60.4126957,-154.3234955,Lake Clark National Park and Preserve
40.49766,-121.4206552,Lassen Volcanic National Park
37.1861597,-86.0999753,Mammoth Cave
37.2308729,-108.4618335,Mesa Verde National Park
46.8799663,-121.7269094,Mount Rainier National Park
48.7718174,-121.2984648,North Cascades National Park
47.8021067,-123.6043524,Olympic National Park
34.9099897,-109.8067916,Petrified Forest National Park
36.4905655,-121.1824925,Pinnacles National Park
41.2131788,-124.0046275,Redwood National and State Parks
40.3427932,-105.6836389,Rocky Mountain National Park
32.2967359,-111.166615,Saguaro National Park
36.5647207,-118.7727191,Sequoia & Kings Canyon National Parks
38.29275579999999,-78.6795836,Shenandoah National Park
46.978965,-103.5387091,Theodore Roosevelt National Park
18.3424047,-64.74857589999999,Virgin Islands National Park
48.4840955,-92.8270873,Voyageurs National Park
32.7872403,-106.3256816,White Sands National Park
43.6045811,-103.4213433,Wind Cave National Park
61.7104448,-142.9856804,Wrangell-St. Elias National Park & Preserve
44.427963,-110.588455,Yellowstone National Park
37.8651011,-119.5383294,Yosemite National Park
37.2982022,-113.0263005,Zion National Park
